nome,email,telefone,cidade,estado,data_nascimento,salario
Leonardo Almeida,zpires@example.net,(051) 4170-2143,Abreu de Cavalcanti,PI,2003-06-22,62148
Srta. Melissa Santos,ana-livia82@example.com,(041) 8557 1641,Cavalcanti Paulista,TO,1965-03-22,40823
Lucca Andrade,diastheodoro@example.net,+55 21 8012-5779,Novaes do Oeste,MA,1960-12-16,18880
Natália Camargo,luiz-henriqueda-conceicao@example.org,+55 (084) 2408 9813,Araújo,MS,1957-03-04,67744
Sr. Levi da Costa,sampaiojoao-pedro@example.com,+55 (011) 5578-2867,Melo da Praia,RS,1983-11-24,4855
Natália Cavalcanti,silveirathiago@example.net,(051) 5403-5788,Vasconcelos,CE,2000-01-30,57457
Letícia Porto,breno79@example.org,51 0479 5923,Gonçalves das Pedras,GO,1968-03-10,19632
Agatha Novais,procha@example.net,+55 21 1516 7233,Mendes do Oeste,PA,1947-11-29,5120
Maria Julia Ribeiro,anogueira@example.com,+55 (084) 2731 4956,Santos da Serra,RR,1990-02-10,97239
Valentina Jesus,luigi26@example.net,11 9785-9778,Fernandes,BA,1995-05-13,30283
Aurora Mendes,steixeira@example.net,+55 84 7680 8695,Vieira,BA,1963-02-08,71445
Dr. Calebe Nunes,pimentapedro-henrique@example.org,+55 (021) 7134 5864,Teixeira Alegre,AL,2002-11-13,31234
Davi Lucas da Rosa,rnovais@example.net,+55 (041) 8910-0874,Leão Grande,AM,2001-07-29,54505
Maria Clara Vieira,joao-lucasribeiro@example.com,+55 (011) 6633-0099,Pires do Galho,CE,1960-10-24,85890
Rafaela Fogaça,abreuluna@example.com,11 2394-1223,Vargas das Flores,BA,1986-03-11,69188
Ana Beatriz Casa Grande,loliveira@example.com,11 1215 3118,Peixoto,SE,1969-04-24,66021
Vitória Leão,pereiraeloah@example.org,+55 21 5067-0578,Correia de Goiás,AC,1950-03-11,8600
Nathan Carvalho,hcorreia@example.net,+55 (084) 1223-4372,Leão,RN,1982-01-19,93927
Dra. Bárbara Sampaio,catarinacarvalho@example.net,+55 71 3648-7361,Vasconcelos,RJ,1952-05-12,82467
Marina Pastor,xdias@example.net,+55 31 0504-6173,Vieira,BA,1980-11-02,69542
Dante Costa,maria-clara48@example.org,(084) 3487 3678,Cardoso Paulista,AP,1953-03-31,40185
Juliana Guerra,riosana-livia@example.com,(021) 5103 0613,Nogueira,CE,1956-12-22,61991
Dra. Hadassa Pastor,mateus10@example.com,(031) 3596 1585,Novais das Flores,AC,1952-05-23,36620
Ian Caldeira,valentimnascimento@example.net,(081) 8453 8977,Rios,BA,1954-12-16,90336
João Vitor Pires,nunesbeatriz@example.org,+55 11 8759 2018,Cavalcante,MS,1986-10-26,38383
Benjamim Novais,anthonycamara@example.com,+55 21 5762 1416,Gonçalves,ES,2001-06-11,84725
Raquel Dias,sofia61@example.com,+55 21 8964 5806,Cardoso,BA,1984-04-12,74685
Mateus da Cruz,leticia76@example.com,(041) 9150-0359,Abreu,PA,1945-02-15,20802
Agatha Alves,leonardo36@example.org,(021) 3398-9708,Gomes,SP,1980-07-17,94659
Gabrielly Cunha,oliveiragael@example.org,31 0520 3708,da Mata do Oeste,PI,1995-02-24,56381
Maria Fernanda Borges,egoncalves@example.com,+55 (051) 8263-0058,Campos,PB,1949-12-24,59129
Lucca Duarte,zcorreia@example.net,+55 11 1529 1185,Cardoso,SE,2007-07-20,44850
Cecilia Leão,benicio00@example.org,(081) 8040 6949,da Luz,MT,1963-05-04,18560
Maria Liz Pacheco,biancapereira@example.org,+55 84 3597 6104,Marques,RN,2003-06-08,55557
Davi Miguel Dias,mathiascasa-grande@example.com,(081) 1197-8413,Freitas da Praia,RO,1991-12-12,29772
Ana Liz Moreira,maya63@example.com,+55 31 2932-7235,Cirino,RJ,1946-06-24,36989
Henry Fonseca,nunesmarcelo@example.com,0800 300 5832,da Conceição dos Dourados,MT,1960-10-31,20387
Maria Laura Moreira,limadaniel@example.org,+55 (071) 6456 0231,Ribeiro de Fogaça,RN,1948-01-22,72696
Maria Luísa Pinto,alicia70@example.net,+55 81 7825 1694,Sousa Verde,SP,1948-03-23,69014
Maria Clara Monteiro,barbaracorreia@example.org,+55 (031) 3432 8754,Castro do Sul,ES,1997-10-15,81460
Vinicius Siqueira,diogo00@example.org,+55 84 3336 3208,Moraes da Prata,AC,1979-09-04,32705
Eduardo da Cruz,sda-rosa@example.com,(041) 2780-4490,Sampaio,MS,1962-12-01,95534
Pedro Henrique Jesus,isabel39@example.com,(061) 8832-3662,Cassiano da Mata,MG,1994-12-19,37085
Danilo Novaes,valentinalopes@example.net,+55 (011) 8721-9148,Moreira,AL,1952-05-17,84878
Davi Lucas da Paz,doliveira@example.org,+55 11 2792-3129,das Neves,MS,1991-07-26,93908
Sr. Thiago Cirino,danielanovais@example.org,+55 21 8112 6006,Costa Grande,RJ,1995-07-10,6830
Pedro Pinto,da-motavitor-hugo@example.org,11 0369 0651,Rios de da Cunha,PR,1986-05-02,70703
Sr. Paulo Silva,mariamoraes@example.net,+55 (031) 4527 1280,da Luz,CE,2002-07-21,20824
Dom Santos,freitasanna-liz@example.com,+55 51 2531 9519,Araújo Paulista,MA,1951-06-12,8201
Otto Sampaio,yasminmelo@example.net,+55 (011) 9781-7772,Costela,PE,1972-10-25,12386
Guilherme Carvalho,qpereira@example.org,(011) 2150-9929,Leão,GO,2006-07-04,74180
Gabriela Siqueira,davi-lucasnunes@example.net,21 1551-2713,Aparecida de Garcia,PE,2003-11-06,75870
Ayla Sousa,luiz-henrique02@example.net,0500-768-4081,Borges,MS,1967-09-29,43343
Caio Moraes,lferreira@example.com,+55 (041) 0147-2742,Novais,PR,1979-08-23,54009
Maria Liz Guerra,moreiralucas@example.org,41 1335 3636,Sá,ES,1999-02-15,59270
Maria Helena Araújo,monteiroester@example.org,+55 (071) 4564-1249,Brito Alegre,RS,2001-09-28,97487
Esther Pinto,goncalveselisa@example.net,(084) 8009 2261,Andrade de Goiás,BA,1986-01-06,89183
Dr. Emanuel Correia,fsiqueira@example.com,81 7421 7971,Macedo,RJ,1955-05-30,2955
Yago Oliveira,ynascimento@example.com,(071) 2929-4319,Gomes de Pinto,MA,1947-10-27,78381
Luiz Henrique Cassiano,maria-juliada-rocha@example.com,+55 (021) 7588-1240,Fogaça,MT,2004-06-16,32521
Danilo da Mota,isaac96@example.org,(071) 5909-3722,Viana,PE,1994-11-08,57322
Sara Costela,bella23@example.net,+55 41 3908 9957,Gomes do Galho,SE,1954-01-15,82354
Dra. Marina Mendes,julia55@example.com,+55 61 4161 4865,da Cruz de Goiás,AP,1959-01-05,98798
Fernando Dias,isis68@example.net,+55 (061) 5181 6302,Pimenta,MA,1957-03-05,83447
Brenda Moraes,upires@example.net,+55 11 2440 7216,Jesus de Minas,MS,1997-01-18,28117
Daniela Jesus,zpinto@example.org,71 9526 5895,Gomes do Amparo,AL,1992-05-26,68421
Srta. Cecilia Marques,vianabrenda@example.com,51 2918 7236,Silveira,RJ,1958-06-19,47429
Ana Vitória Garcia,ana-liviaalmeida@example.net,+55 (041) 9253-6904,Costa,MG,1964-06-04,66424
Ana Carolina Pinto,peixotopietra@example.org,+55 (084) 6594 9298,Gomes de Duarte,RN,1976-09-26,45802
Murilo da Rocha,cassianocecilia@example.com,(084) 7994 1223,Casa Grande,PA,1982-08-02,47584
Maria Liz Aragão,alice07@example.org,+55 11 3327-2574,Melo,RR,1972-10-29,45677
Vinícius Sales,silveiraaylla@example.net,(041) 4605 6114,Lopes,AL,2006-12-21,52595
Breno Moraes,cecilia19@example.com,71 2713 2692,Gomes,RJ,1984-02-28,80836
Bryan Albuquerque,ravi-luccacirino@example.org,51 9055 2089,Marques do Oeste,CE,1998-05-21,45058
Kevin Machado,luaracarvalho@example.net,+55 31 0785-2202,Andrade,SE,1976-02-11,22778
Nathan Sá,moraesisis@example.net,0500-376-0741,Barbosa da Mata,DF,1994-05-07,64978
Dr. Ryan Viana,danielanovaes@example.org,41 0379 0073,da Luz,RS,1962-06-24,29047
Sr. Augusto Fogaça,rda-paz@example.net,31 4964-7198,Mendonça,PE,1983-10-27,41615
Pedro Henrique Costela,beatrizaparecida@example.net,(061) 7506 9159,Brito da Praia,PA,1995-08-21,48778
Caroline Macedo,fda-luz@example.org,(081) 2674-0560,Cavalcante de Melo,BA,1977-05-31,66135
Gabrielly Pacheco,eduardomoraes@example.com,+55 (021) 6864 1882,da Rocha,RJ,1977-08-19,49276
Giovanna da Luz,rodrigonogueira@example.net,0300-948-7380,Camargo,AP,2006-05-02,54738
Dr. Benício Novaes,dante35@example.net,51 3406 6381,Aparecida de Oliveira,PB,2003-07-01,80864
Sara Costa,biancaalbuquerque@example.net,(061) 2017-0109,Jesus do Sul,DF,1970-11-04,4933
Benjamim Borges,pastorlarissa@example.com,31 1963-9231,Caldeira Alegre,PB,1973-05-16,24743
Lucas Ribeiro,theodorocamargo@example.org,(081) 6771-7851,da Conceição de Goiás,CE,2003-08-11,10718
Srta. Eloah Marques,julia84@example.com,+55 (081) 8896-6159,Carvalho da Mata,GO,1979-11-04,25035
Cecilia Pires,macedoelisa@example.org,+55 61 5012-9129,Sales das Pedras,MT,1964-07-18,94417
Vitor das Neves,cauapinto@example.net,+55 51 6883 2829,Viana,PE,1963-07-12,95771
Ana Carolina Viana,gael-henrique90@example.com,+55 31 8000 0975,Casa Grande,AC,1968-07-06,97738
Olivia Almeida,vaparecida@example.net,+55 (084) 6363 5564,Albuquerque de da Rosa,RR,1972-08-28,85541
Dom Rocha,maria-ceciliacavalcanti@example.org,(081) 3240-1283,Vargas do Amparo,ES,2000-11-26,15573
José Miguel Silva,pedro-henrique97@example.org,11 7632-2676,Rios,RS,1990-01-09,40913
Isaac Cunha,cassianoravi-lucca@example.org,0500-973-8409,Nogueira de Cunha,PB,2001-04-25,20220
Dante Andrade,fernandoguerra@example.org,(051) 8020-5216,Ribeiro de Garcia,CE,1963-02-11,26835
Henry Novaes,tcostela@example.com,61 0175 0984,da Rocha,PI,1963-08-25,15354
Marcela Guerra,kda-costa@example.com,+55 31 5508-8801,Câmara,RN,1956-12-01,35811
Anthony Gabriel Lima,eloahsa@example.net,+55 (031) 1564-4520,Sampaio,AP,1954-12-30,46903
Clarice Moura,da-costalara@example.net,(081) 5823-8059,Brito,PR,1999-07-13,40755
Anthony Gabriel Rios,rafael08@example.org,+55 81 8158-6944,Pinto,MA,2007-03-13,66274
